title,content_type
Baby Shark Dance | #babyshark Most Viewed Video | Animal Songs | PINKFONG Songs for Children,Kids/Educational
Luis Fonsi - Despacito ft. Daddy Yankee,Music Video
Wheels on the Bus | @CoComelon Nursery Rhymes & Kids Songs,Kids/Educational
Bath Song | @CoComelon Nursery Rhymes & Kids Songs,Kids/Educational
Johny Johny Yes Papa 👶 THE BEST Song for Children | Kids Songs | LooLoo Kids,Kids/Educational
Wiz Khalifa - See You Again ft. Charlie Puth [Official Video] Furious 7 Soundtrack,Music Video
Phonics Song with TWO Words - A For Apple - ABC Alphabet Songs with Sounds for Children,Kids/Educational
Ed Sheeran - Shape of You (Official Music Video),Music Video
PSY - GANGNAM STYLE(강남스타일) M/V,Other
Crazy Frog - Axel F (Official Video),Music Video
Mark Ronson - Uptown Funk (Official Video) ft. Bruno Mars,Music Video
Учим цвета Разноцветные яйца на ферме Miroshka Tv,Other
"El Chombo, Dancing Green Alien - Dame Tu Cosita feat. Cutty Ranks (Official Video)",Music Video
श्री हनुमान चालीसा 🌺🙏| Shree Hanuman Chalisa Original Video |🙏🌺| GULSHAN KUMAR | HARIHARAN | 8K,Other
Baa Baa Black Sheep | @CoComelon Nursery Rhymes & Kids Songs,Kids/Educational
BEST Duo Trick Shots,Other
Маша и Медведь (Masha and The Bear) - Маша плюс каша (17 Серия),Other
लकड़ी की काठी | Lakdi ki kathi | Popular Hindi Children Songs | Animated Songs by JingleToons,Kids/Educational
One Two Three | Learn Number | With Slide | Youtube Kids | NuNu Tv Nursery Rhymes #kindergartensong,Kids/Educational
Shakira - Waka Waka (This Time for Africa) (The Official 2010 FIFA World Cup™ Song),Other
Temu's Big Game Ad Encore TV Commercial 2024,Ad/Promo
हम्प्टी ट्रैन और उसके फल दोस्तों से मिलिए | Humpty the Train on a Fruits Ride | Kiddiestv Hindi,Other
OneRepublic - Counting Stars,Other
Baby Shark | @CoComelon Nursery Rhymes & Kids Songs,Kids/Educational
Maroon 5 - Sugar (Official Music Video),Music Video
Katy Perry - Roar,Other
Katy Perry - Dark Horse ft. Juicy J,Music Video
Ed Sheeran - Perfect (Official Music Video),Music Video
Justin Bieber - Sorry (PURPOSE : The Movement),Other
Passenger | Let Her Go (Official Video),Music Video
Maroon 5 - Girls Like You ft. Cardi B (Official Music Video),Music Video
Ed Sheeran - Thinking Out Loud (Official Music Video),Music Video
تغطية مباشرة | تابعوا التطورات المتسارعة عبر البث الحي لقناة الجزيرة,Other
Alan Walker - Faded,Ad/Promo
Bhai behen ka pyar 🤩 behen ne bahar nikal liya #shorts #sister #viral #village #emotional,Short
Anaya or Papa Ne ki Masti,Other
Join Google One | More storage,Other
Major Lazer & DJ Snake - Lean On (feat. MØ) [Official 4K Music Video],Music Video
The Gummy Bear Song - Long English Version,Other
"Enrique Iglesias - Bailando ft. Descemer Bueno, Gente De Zona",Music Video
Taylor Swift - Blank Space,Other
009 1001 FriendsForever APAC IND Acq EN DV360 1920x1080 16s Null FB M0 286,Other
أغنية هالصيصان شو حلوين 2018,Other
Taylor Swift - Shake It Off,Other
Paytm IPL 2021 Ad - The Salon (English),Ad/Promo
Idina Menzel - Let It Go (From Frozen/Sing-Along),Other
"J Balvin, Willy William - Mi Gente (Official Video)",Music Video
YouTube: Hit Pause with a power up break,Other
Justin Bieber - Baby ft. Ludacris,Kids/Educational
UPA CAVALINHO - Galinha Pintadinha 4 - OFICIAL,Ad/Promo
YouTube: Hit Pause with a musical dance break,Other
Yummy Fruits & Vegetables | D Billions Kids Songs,Kids/Educational
Spider man 🕷👶💃,Other
Charlie Puth - We Don't Talk Anymore (feat. Selena Gomez) [Official Video],Music Video
YouTube: Hit Pause with a face yoga break,Fitness
Main Tota Hindi Rhyme | Children Hindi Rhyme | मैं तोता मैं तोता | Kids Channel India | Hindi Rhyme,Kids/Educational
Yes Yes Vegetables Song | @CoComelon Nursery Rhymes & Kids Songs,Kids/Educational
The Chainsmokers - Closer (Lyric) ft. Halsey,Music Video
009 1225 GetInspiredOnGroups Crafts GLOBAL Acq EN UAC 1920x1080 21s Null FB M0 267,Other
Yes Yes Playground Song | @CoComelon Nursery Rhymes & Kids Songs,Kids/Educational
على الروضه الحلوه 🤩#shorts,Short
Dua Lipa - New Rules (Official Music Video),Music Video
Adele - Hello (Official Music Video),Music Video
MOWGLI HAI JUNGLE KA RAJA ! | जंगल बुक नया एपिसोड | SEASON 3 = Jungle Book,Other
Maa Kitna Khayal Rakhti Hai Giggy Ka 🤗❣️,Other
Happy Halloween!!! 🎃,Other
ЗА ЧТО ЧАПИТОСИКИ ТАК?🥹🥹,Other
twenty one pilots: Stressed Out [OFFICIAL VIDEO],Music Video
Aaj Tak LIVE TV: Iran War Updates | Donald Trump | LPG Price Hike | PM Modi | Hindi News,Other
Bruno Mars - The Lazy Song (Official Music Video),Music Video
Clean Bandit - Rockabye (feat. Sean Paul & Anne-Marie) [Official Video],Music Video
Большой против Маленького пранк #shorts от Andi like,Short
jai veeru ki yaari🤪🤪👭👭 | #shorts #viralshorts #trending #7seven brothers,Short
Shakira - Chantaje (Official Video) ft. Maluma,Music Video
Plaza Sésamo: Comegalletas ama las galletas | Short,Other
Daddy Yankee & Snow - Con Calma (Video Oficial),Music Video
"Pedro Capó, Farruko - Calma (Remix - Official Video)",Music Video
"Monica Toy | Imitoys - If you can't imitate, just stay home! #MonicaToy #shorts",Short
Eminem - Love The Way You Lie ft. Rihanna,Music Video
Spider - Man VS T - Rex,Challenge/Experiment
009 214 HeartShapedWorld Acq EN UAC 1920x1080 15s V1 FB,Other
حرف الدي D 💜🔎دونت بي لااات😼🤒,Other
Fifth Harmony - Work from Home (Official Video) ft. Ty Dolla $ign,Music Video
ماما حبيبتي بابا حبيبي😳🥰😳,Other
🐘 Ek Mota Hathi | एक मोटा हाथी | Hindi Rhymes for Kids,Kids/Educational
Imagine Dragons - Believer (Official Music Video),Music Video
Mud Prado seems to be missing something. The highest level of playing with mud.,Ad/Promo
Color & Fruit Sorting Fun! 🍇🎨 Easy Game for Toddlers #shorts,Short
Old MacDonald Had a Farm - Kids nursery rhymes,Kids/Educational
"Calvin Harris, Rihanna - This Is What You Came For (Official Video)",Music Video
"Post Malone, Swae Lee - Sunflower (Spider-Man: Into the Spider-Verse)",Other
Johny Johny Yes Papa Nursery Rhyme | Part 3 - 3D Animation Rhymes & Songs for Children,Kids/Educational
Sia - Chandelier (Official Video),Music Video
El Baile del Sapito - Las Canciones Dela Granja - Canciones infantiles dela granja,Other
Bubble Shooter Playing with Family,Other
Peek A Boo | @CoComelon Nursery Rhymes & Kids Songs,Kids/Educational
Chal Chal Gurram | Telugu Rhymes for Children | Infobells,Kids/Educational
Keysha Bermain Mengisi Air Dalam Balon Daddy Finger Nursery Rhymes | Learn Colors With Balloons,Kids/Educational
J.Geco - Chicken Song,Other
Adele - Rolling in the Deep (Official Music Video),Music Video
الاخ سند 🥰 عندي اخ واخت 🤍 خبروني كام اخ عندكن حبايبي #family #sultanfayzo,Other
Natti Natasha ❌ Ozuna - Criminal [Official Video],Music Video
Bongkar Pasir Dulu,Other
Christina Perri - A Thousand Years [Official Music Video],Music Video
"DJ Snake - Taki Taki ft. Selena Gomez, Ozuna, Cardi B (Official Music Video)",Music Video
Baby Shark | Kids Songs and Nursery Rhymes | Animal Songs from Bounce Patrol,Kids/Educational
"Jennifer Lopez, Pitbull - On The Floor",Other
"D Billions - Shake, shake your body! Clap, Clap, Cha Cha Cha!",Other
009 363 ReelsUpdates Acq HI TR UAC 1080x1620 30s IG,Other
The Weeknd - Starboy ft. Daft Punk (Official Video) ft. Daft Punk,Music Video
Happy Birthday to you 🎉🎉,Other
El Gallo y la Pata - Canciones de la Granja de Zenón 2,Other
Meghan Trainor - All About That Bass (Official Video),Music Video
Marshmello - Alone (Official Music Video),Music Video
Shawn Mendes - Treat You Better,Other
Bandar Mama Pahan Pajama - 3D Animated Hindi Rhymes,Kids/Educational
Numb (Official Music Video) [4K UPGRADE] – Linkin Park,Music Video
سبحان الله والحمد لله 😊,Other
John Legend - All of Me (Official Video),Music Video
009 531 TheWorldIsOnFacebook Animated Acq EN UAC 1920x1080 15s FB,Other
MAGIC! - Rude (Official Video),Music Video
"Becky G, Bad Bunny - Mayores (Official Video)",Music Video
El señor del saco 😂 #shorts #viral #humor #youtubeshorts #baby #comedy #shortvideo #feedshorts,Short
50 Cent - In Da Club (Official Music Video),Music Video
Gotye - Somebody That I Used To Know (feat. Kimbra) [Official Music Video],Music Video
🔴LIVE | TV9 KANNADA NEWS | ಟಿವಿ9 ಕನ್ನಡ ನ್ಯೂಸ್ ಲೈವ್ | TV9 KANNADA NEWS LIVE | DAVANAGERE BY ELECTION,Ad/Promo
اختارو هدايا بالالوان😲 شوفوا عملوا ايه❤ #shorts,Short
FUNK do Pão de Queijo | Bolofofos,Other
Gumball Machine Sharing is Caring Lesson with Maddie & Charlotte,Tutorial/Educational
"Jhay Cortez, J. Balvin, Bad Bunny - No Me Conoce (Remix)",Music Video
"Casper, Nio García, Darell, Nicky Jam, Bad Bunny, Ozuna - Te Bote Remix (Video Oficial)",Music Video
La Vaca Lola - Canciones de La Granja de Zenón 2,Other
Rihanna - Diamonds,Other
Diana - LIKE IT - Kids Song (Official Video),Kids/Educational
"LMFAO - Party Rock Anthem ft. Lauren Bennett, GoonRock",Music Video
LA VACA LOLA | Canciones Infantiles | Toy Cantando,Kids/Educational
Skateboarding Down the Steps,Other
Anaya Ke Dance Ke Liye Ek Like To Banta Hai 👍🏻❤️,Other
Phonics Song 2 with TWO Words in 3D - A For Airplane - ABC Alphabet Songs with Sounds for Children,Kids/Educational
LNS - Hãy chia sẻ tình yêu thương || Let's share the love 🥰 #shorts,Short
How to draw a Spider-Man 🕷️🕸️🎨,Tutorial/Educational
This Is The Way | Kids Songs | Super Simple Songs,Kids/Educational
पापा ऐसे ही होते हैं,Other
Avicii - Wake Me Up (Official Video),Music Video
Bruno Mars - That’s What I Like [Official Music Video],Music Video
parent's dutyPart4 親の務め4,Other
The Chainsmokers & Coldplay - Something Just Like This (Official Lyric Video),Music Video
"Luis Fonsi, Demi Lovato - Échame La Culpa",Other
Best papa 😍#shorts,Short
BATMAN BEAT UP MY DAD #shorts,Short
Adele - Someone Like You (Official Music Video),Music Video
Wheels On The Bus + More | Nursery Rhymes for for Babies by LittleBabyBum,Kids/Educational
RC Dump Truck Gets Accident of Sand Avalanche! 😱 #shorts #rc #accident,Short
Canción Hermano Juan | Infantiles Español Are you sleeping,Other
يلا يلا يا بناااااات 🥰😱😂🥰💐,Other
Car race with monster 👻 #shorts,Short
Fifth Harmony - Worth It (Official Video) ft. Kid Ink,Music Video
"Rain, Rain, Go Away Nursery Rhyme With Lyrics - Cartoon Animation Rhymes & Songs for Children",Kids/Educational
assalamu'alaikum atok😃 #fyp #shorts,Short
Guns N' Roses - November Rain,Other
Ariana Grande ft. Nicki Minaj - Side To Side (Official Video) ft. Nicki Minaj,Music Video
🤣 Tati este permisiv 😵‍💫 Dad vs Mom at the amusement park 😎 #shorts by #melimi,Short
ROSÉ & Bruno Mars - APT. (Official Music Video),Music Video
Ellie Goulding - Love Me Like You Do (Official Video),Music Video
Family time🥰❤️,Other
"Billie Eilish, Khalid - lovely",Other
Twinkle Twinkle Little Star | Nursery Rhymes for Kids | Super Simple Songs,Kids/Educational
Los Ángeles Azules - Nunca Es Suficiente ft. Natalia Lafourcade (Live),Music Video
Imagine Dragons - Thunder,Other
Old MacDonald | @CoComelon Nursery Rhymes & Kids Songs,Kids/Educational
BLACKPINK - ‘뚜두뚜두 (DDU-DU DDU-DU)’ M/V,Other
a-ha - Take On Me (Official Video) [4K],Music Video
ZAYN - Dusk Till Dawn (Official Video) ft. Sia,Music Video
Romeo Santos - Propuesta Indecente (Official Video),Music Video
Eminem - Without Me (Official Music Video),Music Video
twenty one pilots: Heathens (from Suicide Squad: The Album) [OFFICIAL VIDEO],Music Video
Best Learning Video for Toddlers Learn Colors with Crayon Surprises!,Tutorial/Educational
Roma and Diana learn the alphabet / ABC song,Tutorial/Educational
رورو كسبت التحدي مع بابا😲 شوفوا عملت ايه❤ #shorts,Short
who loves FROZEN? ❄️ #frozen,Other
X (EQUIS) - Nicky Jam x J. Balvin | Video Oficial (Prod. Afro Bros & Jeon),Music Video
"Anuel AA, Daddy Yankee, Karol G, Ozuna & J Balvin - China (Video Oficial)",Music Video
"Becky G, NATTI NATASHA - Sin Pijama (Official Video)",Music Video
009 211 Baton Recut 1920x1080 15s,Other
Justin Bieber - What Do You Mean?,Other
T2_gPay_IN_QR_Local-Shops_H_16X9_16s_C_PA-l_UI_N-Pr_B_Ill_Bl_ST-NIL_VO_hi_ACi,Other
The Chainsmokers - Don't Let Me Down (Official Video) ft. Daya,Music Video
Don't forget to rinse your mouth as the last step of brushing your teeth!,Other
🤪 #londonbridges #kidssong 🎵 #funny,Kids/Educational
The Weeknd - The Hills,Other
TONES AND I - DANCE MONKEY (OFFICIAL VIDEO),Music Video
🔴 AO VIVO do Pinkfong #shorts,Short
"ROSALÍA, J Balvin - Con Altura (Official Video) ft. El Guincho",Music Video
Sister saved her life - daddy’s love - always help those in need #shorts,Short
Piso 21 - Déjala Que Vuelva (feat. Manuel Turizo) [Video Oficial],Music Video
Future - Life Is Good (Official Music Video) ft. Drake,Music Video
Ellie and Maddie's Playroom: A Lesson in Sharing,Tutorial/Educational
Coldplay - Hymn For The Weekend (Official Video),Music Video
Eric and Ellie Magical Colorful Door Adventure,Ad/Promo
In The End [Official HD Music Video] - Linkin Park,Music Video
J. Balvin - Ay Vamos (Official Video),Music Video
Ellie's Ice Cream Adventure: A Lesson in Line Etiquette! 🍦😊🍨👫 #shorts,Short
Spider-Man Parkour in real life! #shorts,Short
Rag'n'Bone Man - Human (Official Video),Music Video
T2_gPay_IN_QR_Sweet-Shop-Revised_H_16X9_21s_C_PA-l_UI_N-Pr_W_Ill_Bl_ST_VO_hi_ACi,Other
BLACKPINK - 'Kill This Love' M/V,Other
clay waffle #shorts #youtubeshorts,Short
mainan anak angsa warna warni 💖🦖💖🦆💖,Other
Sister love 💕 #shorts,Short
I WANT SUMO | Doritos Commercial | #superbowl #commercials,Ad/Promo
Diana and Roma in the Shapes House Adventure,Ad/Promo
Nirvana - Smells Like Teen Spirit (Official Music Video),Music Video
Bruno Mars - Just The Way You Are (Official Music Video),Music Video
Main Tota Hare Rang Ka | Hindi Rhymes | मैं तोता मैं तोता | Hindi Rhymes For Kids | Baby Songs Hindi,Kids/Educational
4 Non Blondes - What's Up (Official Music Video),Music Video
David Guetta - Titanium ft. Sia (Official Video),Music Video
O BEBÊ! #educaçãoinfantil #infantil #criança #primeirainfancia #bebezinho,Other
Agility Drill using Cones and Ladder to Improve Speed and Explosive Power for 8 years old Kids,Kids/Educational
Drake - Hotline Bling,Other
Hush a Bye Baby | Lullaby for Babies | Infobells,Kids/Educational
"Jessie J - Bang Bang ft. Ariana Grande, Nicki Minaj",Music Video
LNS - Nàng Bạch Tuyết Cô Đơn Giữa Đêm Giáng Sinh || Lonely Snow White Christmas Eve #shorts,Short
Baby im Bauch: Das süßeste Familienlied!👶💖 #Kinderlieder #Babys #Familie #shorts,Short
Diana and her Barbie car - Camping adventure,Ad/Promo
ChuChu TV Numbers Song - NEW Short Version - Number Rhymes For Children,Kids/Educational
The Weeknd - Save Your Tears (Official Music Video),Music Video
Sick Song | CoComelon Nursery Rhymes & Kids Songs,Kids/Educational
Daddy Yankee - Dura (Video Oficial),Music Video
Rose Makes Brownies #shorts,Short
Dona Aranha - Galinha Pintadinha 3 - OFICIAL,Ad/Promo
HUGE EGGS Surprise Toys Challenge with Inflatable water slide,Kids/Educational
Rabbit Went Over The Mountain | Nursery Rhymes & Kids Songs | NuNu Tv #childrensongs #toddlersongs,Kids/Educational
BTS (방탄소년단) 'Dynamite' Official MV,Music Video
Eminem - Not Afraid,Other
Una Lady Como Tú - MTZ Manuel Turizo | Video Oficial,Music Video
Ozuna x Romeo Santos - El Farsante (Remix) (Video Oficial),Music Video
Michael Jackson - Billie Jean (Official Video),Music Video
Camila Cabello - Havana (Audio) ft. Young Thug,Music Video
Christmas Princess ✨🎄👑 #glitter #glitterdress #colorfulcreativekids #christmas #color,Kids/Educational
This Is The Way We Get Dressed | Kids Songs | Super Simple Songs,Kids/Educational
Danny Ocean - Me Rehúso (Official Audio),Other
Coldplay - Paradise (Official Video),Music Video
Queen – Bohemian Rhapsody (Official Video Remastered),Music Video
Lady Gaga - Bad Romance (Official Music Video),Music Video
P!nk - Just Give Me A Reason ft. Nate Ruess,Music Video
Johny Johny Yes Papa and Many More Videos | Popular Nursery Rhymes Collection by ChuChu TV,Kids/Educational
☀️ Summer Fun at the Beach ☀️ Talking Angela (Shorts Combo),Other
Surprise Eggs Kids Songs | TigiBoo | Nursery Rhymes,Kids/Educational
CantaJuego - Soy Una Taza (Version Mexico),Other
Silentó - Watch Me (Whip/Nae Nae) (Official),Other
Johny Johny Yes Papa! | BEST Songs for Kids! #johnyjohnyyespapa #johnyjohny #shorts,Short
"1st CLASS-(Unit5)FRUITS..Apple apple,Red red apple( rhyme)by SREENIVASULU BIKKI.Pamidi. ANANTAPUR",Other
009 227 StayConnected EN 1920x1080 15s,Other
Tom 🍓 Jerry (Rithvi&Kavi)Real End Twist 😂🎈 #shorts,Short
Coolio - Gangsta's Paradise (feat. L.V.) [Official Music Video],Music Video
BLACKPINK - 'How You Like That' DANCE PERFORMANCE VIDEO,Other
Twinkle Twinkle Little Star | CoComelon Nursery Rhymes & Kids Songs,Kids/Educational
Ricky Martin - Vente Pa' Ca (Official Video) ft. Maluma,Music Video
Maluma - Felices los 4 (Official Video),Music Video
amaira ne li 🔫 pichakari 😄#thegeetagurjar #shorts,Short
Wow 😁✅,Other
Sia - Cheap Thrills (Official Lyric Video) ft. Sean Paul,Music Video
MACKLEMORE & RYAN LEWIS - THRIFT SHOP FEAT. WANZ (OFFICIAL VIDEO),Music Video
CHOTU KE GOLGAPPE | छोटू के गोलगप्पे | Khandesh Hindi Comedy | Chotu Comedy Video,Comedy/Entertainment
Sesame Street: Song: Shake Shake The Mango Tree,Other
"Baby Learning With Ms Rachel - First Words, Songs and Nursery Rhymes for Babies - Toddler Videos",Kids/Educational
DJ Snake - Let Me Love You ft. Justin Bieber,Music Video
Gudiya..Part-1 😭😭Bachpan Me khilona khone ka bhi ghum hota tha lekin ….🙏😭#shorts #viral,Short
Rudra or Fauji maa 😍 Maa or bete ka pyar #shorts #maa #army #viral #trending,Short
"Shawn Mendes, Camila Cabello - Señorita",Other
"Justin Timberlake - CAN'T STOP THE FEELING! (from DreamWorks Animation's ""TROLLS"") (Official Video)",Music Video
"Carlos Vives, Sebastián Yatra - Robarte un Beso (Official Video)",Music Video
Chino y Nacho - Andas En Mi Cabeza ft. Daddy Yankee,Music Video
MC Fioti - Bum Bum Tam Tam (KondZilla) | Official Music Video,Music Video
Bartolito - La Granja de Zenón 3,Other
Tom 🍓 Jerry (Rithvi&Kavi) Real End Twist 😂🎈 #shorts,Short
"Alex Rose ft. Cazzu, Lenny Tavarez, Lyanno & Rauw Alejandro - Toda (Remix) [Video Oficial]",Music Video
CNCO - Reggaetón Lento (Bailemos),Other
Maa Ami Maa re tor jonom jonom Maa 😊❤️ #shorts,Short
Tapete sensorial.(TPS) #terapia #tatil #textura #tps #sensorial #tapete #brincadeiras #criança,Ad/Promo
BTS (방탄소년단) '작은 것들을 위한 시 (Boy With Luv) (feat. Halsey)' Official MV,Music Video
Bento e Totó - Funk do Patinho (Desenho Infantil),Other
Guns N' Roses - Sweet Child O' Mine (Official Music Video),Music Video
Deck the Halls - Christmas Song for Kids | CoComelon Nursery Rhymes & Kids Songs,Kids/Educational
Ozuna - Se Preparó (Video Oficial) | Odisea,Music Video
French Montana - Unforgettable ft. Swae Lee,Music Video
"DJ Khaled - I'm The One ft. Justin Bieber, Quavo, Chance the Rapper, Lil Wayne",Music Video
Wheels on the Bus (Play Version) | @CoComelon Nursery Rhymes & Kids Songs@CoComelon,Kids/Educational
Mariposita ORIGINAL - Gallina Pintadita 2 - Oficial - Canciones infantiles para niños y bebés,Ad/Promo
Biper y sus Amigos - El Patito Juan,Other
Wheels on the Bus | Mother Goose Club Playhouse Kids Video,Kids/Educational
Nani Teri Morni ko mor le gaye | Hindi Balgeet & Hindi Rhymes | Animted Songs by Jinlge Toons,Kids/Educational
Real life transforming Cinderella dress! 👗😲￼,Other
VIDEO SHORTS | MAIN SUMPUTAN,Other
Five Little Ducks | Kids Songs | Super Simple Songs,Kids/Educational
Whitney Houston - I Will Always Love You (Official 4K Video),Other
Интерьер не для детей — Гадкий я (2010) #гадкийя #миньоны #шортс #прикол,Other
Chinese Burger Egg Pan Chili Sauce,Other
Jason Derulo - Swalla (feat. Nicki Minaj & Ty Dolla $ign) [Official Music Video],Music Video
BLACKPINK - '붐바야 (BOOMBAYAH)' M/V,Other
DOMINGO ABACAXI FLAMINGO | Bolofofos [Público em Geral],Other
"Sesame Street: Healthy Teeth, Healthy Me: Brushy Brush PSA",Other
Arctic Monkeys - Do I Wanna Know? (Official Video),Music Video
Join Clash - The Best Mobile Game,Other
হাট্টিমাটিম টিম - Hattimatim Tim and more | Bengali Rhymes Collection | Infobells,Kids/Educational
Martin Garrix - Animals (Official Video),Music Video
Wheels on the Bus + More Nursery Rhymes & Kids Songs - CoComelon,Kids/Educational
Maha ne banayi mitti ke chulhe pe chay☕,Other
James Arthur - Say You Won't Let Go,Other
Lehanga : Jass Manak (Official Video) Satti Dhillon - India's Most Viewed Song - Hit Punjabi Song,Music Video
"Lady Gaga, Bradley Cooper - Shallow (from A Star Is Born) (Official Music Video)",Music Video
Yes Yes Bedtime Song | @CoComelon Nursery Rhymes & Kids Songs,Kids/Educational
Dwayne Johnson - You're Welcome (from Moana/Official Video),Music Video
D Billions - 123 Song,Other
Kashvi bahut dar gayi 😂,Other
ABC Song! 📚 #shorts #abcd #abd #abcsong #abcdsong @graciescorner,Short
save water save life 💦💦,Other
Carly Rae Jepsen - Call Me Maybe,Other
اول تجربة لي بالتصوير 📸!,Other
PARABÉNS DA GALINHA PINTADINHA - Clipe Música Oficial - Galinha Pintadinha 4,Ad/Promo
"""No No"" Bedtime Song | CoComelon Nursery Rhymes & Kids Songs",Kids/Educational
Beach Song + More Nursery Rhymes & Kids Songs - CoComelon,Kids/Educational
Masha and The Bear - Jam Day 🫙🍒 (Episode 6),Other
Tom 🍓 Jerry (Rithvi&Kavi)🍒Mom love End Twist 😂🎈#shorts,Short
The Cranberries - Zombie (Official Music Video),Music Video
HA-ASH - Lo Aprendí de Ti (Primera Fila - Hecho Realidad [En Vivo]),Ad/Promo
Justin Bieber - Love Yourself (PURPOSE : The Movement),Other
🔅Maths Games In School Playing Method#games #school #funny #trending #students #activity #song #kids,Kids/Educational
Nelly - Dilemma (Official Music Video) ft. Kelly Rowland,Music Video
"Carlos Vives, Shakira - La Bicicleta",Other
Clean Hands Song: Maddie's Handwashing Adventures,Ad/Promo
Repeat after me: happy happy happy! #shorts #myhappysong #happyhappyhappy #supersimple,Short
Back to School Counting Fun 1 to 10! | Counting made Exciting | Numberblocks,Ad/Promo
Beyoncé - Halo,Other
Bruno Mars - 24K Magic (Official Music Video),Music Video
Mike Posner - I Took A Pill In Ibiza (Seeb Remix) (Explicit),Music Video
Tom 🍓 Jerry (Rithvi&Kavi)Real End Twist 😂🎈 #shorts,Short
Wisin - Escápate Conmigo (Official Video) ft. Ozuna,Music Video
He turned out to be an angel 😭🥰 LeoNata family #shorts TikTok,Short
Shakira - Hips Don't Lie (featuring Wyclef Jean) (Official 4K Video) ft. Wyclef Jean,Music Video
Daddy Yankee - Shaky Shaky (Video Oficial),Music Video
Balloon Boat Race | @CoComelon Nursery Rhymes & Kids Songs,Kids/Educational
Charlie Puth - Attention [Official Video],Music Video
Sam Smith - I'm Not The Only One (Official Music Video),Music Video
Calvin Harris - Summer (Official Video),Music Video
Tyga - Taste (Official Video) ft. Offset,Music Video
52 GAJ KA DAMAN | PRANJAL DAHIYA | AMAN JAJI | RENUKA PANWAR | MUKESH JAJI | SAHIL SANDHU,Other
Maluma - Corazón (Official Video) ft. Nego do Borel,Music Video
Rick Astley - Never Gonna Give You Up (Official Video) (4K Remaster),Music Video
Lukas Graham - 7 Years [Official Music Video],Music Video
His smile is our happiness 🥰❤️ birthday gift 🥰❤️#youtubeshorts #couplegoals,Other
Soy una Serpiente - Las Canciones del Zoo 4 | El Reino Infantil,Other
"Myke Towers, Farruko, Arcangel, Sech & Zion - Si Se Da Remix (Video Oficial)",Music Video
Giving iPhones Instead Of Candy on Halloween,Ad/Promo
Rahat Fateh Ali Khan - Zaroori Tha,Other
Taylor Swift - You Belong With Me,Other
"Maari 2 - Rowdy Baby (Video Song) | Dhanush, Sai Pallavi | Yuvan Shankar Raja | Balaji Mohan",Kids/Educational
Gente de Zona - La Gozadera (Official Video) ft. Marc Anthony,Music Video
"Cardi B, Bad Bunny & J Balvin - I Like It [Official Music Video]",Music Video
PSY - GENTLEMAN M/V,Other
BAD BUNNY x JHAY CORTEZ - DÁKITI (Video Oficial),Music Video
Backstreet Boys - I Want It That Way (Official HD Video),Other
Mundo Bita - Fazendinha [clipe infantil],Other
"Vaaste Song: Dhvani Bhanushali, Tanishk Bagchi | Nikhil D'Souza | Bhushan Kumar | Radhika R, Vinay S",Ad/Promo
The Tortoise and the Hare | CoComelon Nursery Rhymes & Kids Songs,Kids/Educational
Coldplay - Adventure Of A Lifetime (Official Video),Music Video
"David Guetta - Hey Mama (Official Video) ft Nicki Minaj, Bebe Rexha & Afrojack",Music Video
Post Malone - Congratulations (Official Music Video) ft. Quavo,Music Video
Monkey Baby Bon Bon oes to the toilet and plays with Ducklings in the swimming pool,Kids/Educational
AC/DC - Thunderstruck (Official Video),Music Video
Shawn Mendes - Stitches (Official Music Video),Music Video
Lady Gaga - Poker Face (Official Music Video),Music Video
Calvin Harris & Disciples - How Deep Is Your Love,Other
Evanescence - Bring Me To Life (Official HD Music Video) ft. Paul McCoy,Music Video
아기상어! 알록달록 색깔로 변신!💛💗💚💙💜#컬러 #변신 #BabyShark #shorts,Short
Aqua - Barbie Girl (Official Music Video),Music Video
PULCINO PIO - El Pollito Pio (Official video),Music Video
One Direction - What Makes You Beautiful (Official Video),Music Video
If Cleaning Was a Timed Sport. Part 2,Other
Would You Fly To Paris For A Baguette?,Other
Dr. Dre - Still D.R.E. ft. Snoop Dogg,Music Video
Don Omar - Danza Kuduro ft. Lucenzo,Music Video
Drake - God's Plan,Other
🐞무당벌레 말랑이 만들기_Ladybug Squishy DIY with Nano Tape #실리콘테이프,Ad/Promo
Bingo | @CoComelon Nursery Rhymes & Kids Songs,Kids/Educational
Never hurt your kids 😔 #shorts by GamGam Family,Short
"Anuel AA, KAROL G - Secreto",Other
Taylor Swift - Bad Blood ft. Kendrick Lamar,Music Video
BAD BUNNY x DRAKE - MÍA (Video Oficial),Music Video
22. Hasta el Amanecer - Nicky Jam | Video Oficial,Music Video
ABC SONG | ABC Songs for Children - 13 Alphabet Songs & 26 Videos,Kids/Educational
Cyndi Lauper - Girls Just Want To Have Fun (Official Video),Music Video
Christian Nodal - Adiós Amor (Video Oficial),Music Video
Ellie Goulding - Burn (Official Video),Music Video
いえでマネしないでね！ 🎄 新エピソード配信 ！ #Shorts #マーシャとくま #子供向けアニメ #mashaandthebear #楽しい #面白いビデオ #アニメ,Short
اسمع اللون واصطاد بسرعة 👀🔥,Other
Pintinho Amarelinho - Galinha Pintadinha 1 - OFICIAL,Ad/Promo
சின்னச் சின்னப் பாதங்கள் | Tamil Baby Folk Songs | Infobells,Kids/Educational
BTS (방탄소년단) 'DNA' Official MV,Music Video
twenty one pilots - Ride (Official Video),Music Video
Pollito Amarillito ORIGINAL - Gallina Pintadita 1 - Oficial - Canciones infantiles,Ad/Promo
Baby playing with stacking ring#shorts#stackingring#viral,Short
🦆 Kreasi mainan PARUH BEBEK dari origami,Other
The Police - Every Breath You Take (Official Music Video),Music Video
ألوان - طيور بيبي Toyor Baby,Kids/Educational
🦆 Five Little Ducks 🦆- LooLoo Kids Nursery Rhymes & Kids Songs,Kids/Educational
Bath Song + More Nursery Rhymes & Kids Songs - CoComelon,Kids/Educational
"Laung Laachi Title Song | Mannat Noor | Ammy Virk, Neeru Bajwa,Amberdeep | Latest Punjabi Song 2018",Challenge/Experiment
6ix9ine - BEBE ft. Anuel AA,Music Video
"KAROL G, Nicki Minaj - Tusa (Official Video)",Music Video
"Thalia, NATTI NATASHA - No Me Acuerdo (Official Video)",Music Video
🎨 WOW Tube DRAWING! 🧻 Easy Art Trick for KIDS to Try ✏️ #shorts #kids,Short
LP - Lost On You (Live),Other
"Lady Gaga, Bruno Mars - Die With A Smile (Official Music Video)",Music Video
Haadisa || Accident || Motivational Story || #shorts #shortvideo #foryou #viral #trending,Short
Metallica: Nothing Else Matters (Official Music Video),Music Video
Prince Royce - Darte un Beso (Official Video),Music Video
"Enrique Iglesias - SUBEME LA RADIO (Official Video) ft. Descemer Bueno, Zion & Lennox",Music Video
😄 Momentos Divertidos de LooLoo Kids - El rostro de Johny está todo amarillo 🟡 #shorts,Short
Greed always loses 😂,Other
Surprise Eggs Nursery Rhymes | Old MacDonald Had A Farm | Learn Colours & Farm Animals | ChuChu TV,Kids/Educational
Melendi - Destino o Casualidad ft. Ha*Ash,Music Video
Akon - Smack That (Official Music Video) ft. Eminem,Music Video
"Pitbull, Ke$ha - Timber (featuring Ke$ha - Official Video)",Music Video
Bon Jovi - It's My Life (Official Music Video),Music Video
Katy Perry - Last Friday Night (T.G.I.F.) (Official Music Video),Music Video
Sam Smith - Too Good At Goodbyes,Other
Ariana Grande - 7 rings (Official Video),Music Video
Swimming Song | @CoComelon Nursery Rhymes & Kids Songs,Kids/Educational
DANÇA MALUCA | BOLOFOFOS,Other
Kothi Mattu Bale Hannu Haadu | Kannada Rhymes for Children | Infobells,Kids/Educational
"OFFICIAL Somewhere over the Rainbow - Israel ""IZ"" Kamakawiwoʻole",Other
Johny Johny Yes Papa Nursery Rhyme | Part 6 - 3D Vehicles Rhymes & Songs for Children,Kids/Educational
Taylor Swift - Look What You Made Me Do,Ad/Promo
"AronChupa, Little Sis Nora - I'm an Albatraoz | OFFICIAL VIDEO",Music Video
BTS (방탄소년단) 'MIC Drop (Steve Aoki Remix)' Official MV,Music Video
Hindi : Nani Teri Morni Ko Mor Le Gaye (नानी तेरी मोरनी),Other
Katy Perry - Firework (Official Music Video),Music Video
Paulo Londra ft Lenny Tavarez - Nena Maldicion (Official Video),Music Video
Imagine Dragons - Radioactive,Ad/Promo
Que Gostoso! #kfood #shorts,Short
ماشا اعطتني التفاحة اللذيذة ./ماريا الحاج,Other
Eminem - Rap God (Explicit),Other
"DILBAR Lyrical | Satyameva Jayate |John Abraham, Nora Fatehi,Tanishk B, Neha Kakkar,Dhvani, Ikka",Other
दीदी ने बनाया भाई के लिए थार 🥰 ~ mini wood toy-woodworking art skill wood _ hand crafts #shorts,Short
Anaya Ring Toss Game Me Har Gyi,Other
"Chris Brown - Loyal (Official Video) ft. Lil Wayne, Tyga",Music Video
"Musica Cinco Macaquinhos, Chanson Cinq petits singes Comptines Et Chansons A Bebe Chanson",Other
System Of A Down - Chop Suey! (Official HD Video),Other
Shark bite challenge!!,Challenge/Experiment
Bruno Mars - When I Was Your Man (Official Music Video),Music Video
Ten Little Buses - From Wheels On The Bus | Nursery Rhymes for Babies by LittleBabyBum,Kids/Educational
We are in the car Song | Nursery Rhymes & Children's Song,Kids/Educational
George Michael - Careless Whisper (Official Video),Music Video
알파벳 로어 게임vs현실,Challenge/Experiment
La Patita Lulú - Las Canciones del Zoo 2 | El Reino Infantil,Other
МОЙ ДРУГ В РЕАЛЬНОЙ ЖИЗНИ! ПОЯВИЛСЯ ИЗ ТЕЛЕВИЗОРА.,Other
Power Tools Racing Is INTENSE!!,Other
"Lut Gaye (Full Song) Emraan Hashmi, Yukti | Jubin N, Tanishk B, Manoj M | Bhushan K | Radhika-Vinay",Ad/Promo
Sean Kingston - Beautiful Girls (Official HD Video),Other
The Weeknd - Can't Feel My Face (Official Video),Music Video
Pharrell Williams - Happy (Official Video),Music Video
Harry Styles - Sign of the Times (Official Video),Music Video
"In this ice cream contest, the winner isn't always the most obvious choice...🍨🍦 #MonicaToy #shorts",Short
Enrique Iglesias - El Perdedor (Pop) ft. Marco Antonio Solís,Music Video
10 Ways to Jump Into a Pool!,Other
BLACKPINK - '마지막처럼 (AS IF IT'S YOUR LAST)' M/V,Other
My Name Is | D Billions Kids Songs,Kids/Educational
Nani Teri Morni | नानी तेरी मोरनी | Nani Teri Morni Ko Mor Le Gaye | Hindi Rhyme By Jingle Toons,Other
100 Days Building A Modern Underground Hut With A Grass Roof And A Swimming Pool,Other
உருளைக் கிழங்கு செல்லக்குட்டி | Tamil Rhymes for Children | Infobells,Kids/Educational
El Pollito Pío 3D - Canciones de la Granja de Zenón 2,Other
21. El Perdón - Nicky Jam y Enrique Iglesias (Official Music Video YTMAs),Music Video
3yo William Diving down to get his 'Toypedo' torpedo,Kids/Educational
Jannie and Maddie's Fruit Ice Cream Adventure: Healthier and Yummier for Kids,Kids/Educational
Arcangel x Bad Bunny X Dj Luian X Mambo Kingz - Tu No Vive Asi [Video oficial],Music Video
Abejita Chiquitita 🐝 Canciones Infantiles | Plim Plim,Other
Paulo Londra - Adan y Eva (Official Video),Music Video
El Amante - Nicky Jam | Video Oficial,Music Video
Ed Sheeran - Photograph (Official Music Video),Music Video
"Aloo Kachaloo Beta Kahan Gaye They| Popular Hindi Song|आलू कचालू बेटा कहाँ गए थे,लकड़ी की काठी",Other
Audioslave - Like a Stone (Official Video),Music Video
Rihanna - Work (Explicit) ft. Drake,Music Video
"Chris Jedi - Ahora Dice (Official Video) ft. J. Balvin, Ozuna, Arcángel",Music Video
Alan Walker - Alone,Other
"KAROL G, Shakira - TQG (Official Video)",Music Video
Auli'i Cravalho - How Far I'll Go (from Moana/Official Video),Music Video
Ricardo Arjona - Fuiste tú feat. Gaby Moreno (Video Oficial),Music Video
Daddy Yankee - Limbo (Video Oficial),Music Video
Zion & Lennox ft. J Balvin - Otra Vez (Video Oficial),Music Video
Маша и Медведь (Masha and The Bear) - Большая стирка (18 Серия),Other
Ariana Grande - Problem ft. Iggy Azalea,Music Video
CantaJuego - El Baile del Gorila,Other
Lil Nas X - Old Town Road (Official Video) ft. Billy Ray Cyrus,Music Video
Yes Yes Vegetables Song + More Nursery Rhymes & Kids Songs - CoComelon,Kids/Educational
Percherón - La Granja de Zenón 3,Other
"Bum Bum Bole (Full Song) Film - Taare Zameen Par | Shaan, Aamir Khan",Film/Documentary
Маша и Медведь (Masha and The Bear) - Приятного аппетита (24 Серия),Other
Eminem - Mockingbird [Official Music Video],Music Video
ChuChu TV Classics - Phonics Song with Two Words | Nursery Rhymes and Kids Songs,Kids/Educational
По полям Синий трактор едет к нам - Песенка мультик для детей,Other
Tuning a 270+whp Kawasaki H2R,Other
Luli Pampín - CAMINO POR LA SELVA🙊🐍🦁🐘 - Official Video,Music Video
The Boo Boo Song | CoComelon Nursery Rhymes & Kids Songs,Kids/Educational
Johny Johny Si Papa | Johny yes Papa in Spanish | Canciones Infantiles,Other
The Finger Family Song | ChuChu TV Nursery Rhymes & Songs For Children,Kids/Educational
Lompat Kardus Pakai Sepatu Roda 🔥🔥,Other
KAROL G - BICHOTA (Official Video),Music Video
Sean Paul - No Lie ft. Dua Lipa,Music Video
Finger Family Collection - 7 Finger Family Songs - Daddy Finger Nursery Rhymes,Kids/Educational
My Summer Holiday 155 Days Building 1M Dollars Water Slide Park into Underground Swimming Pool House,Other
Aaj Tak LIVE: Shraddha Murder Case | AAP Vs BJP | PM Modi | Gujarat Election 2022 | Congress,Ad/Promo
Clean Bandit - Symphony (feat. Zara Larsson) [Official Video],Music Video
Pitbull - Rain Over Me ft. Marc Anthony,Music Video
"Tujh Mein Rab Dikhta Hai Song | Rab Ne Bana Di Jodi | Shah Rukh Khan, Anushka Sharma | Roop Kumar",Other
OMI - Cheerleader (Felix Jaehn Remix) (Official Video) [Ultra Records],Music Video
BOLOFOFOS | Tá na hora do PAPA,Other
Pula Pipoquinha - Bob Zoom | Video Infantil Musical Oficial,Other
Justin Timberlake - Mirrors (Official Video),Music Video
Mundo Bita - Viajar pelo Safari [ clipe infantil ],Other
Bon Jovi - Livin' On A Prayer,Other
Eminem - Lose Yourself [HD],Other
Amy Winehouse - Back To Black,Other
Radiohead - Creep,Ad/Promo
Shawn Mendes - There's Nothing Holdin' Me Back (Official Music Video),Music Video
R.E.M. - Losing My Religion (Official HD Music Video),Music Video
Johny Johny Yes Papa + Wheels On The Bus - Sing Along with LooLoo Kids Nursery Rhymes & Kids Songs,Kids/Educational
I wasn’t sure this would hold…,Other
Liova and Superhero play sports and want to be strong with toy wheels! Nursery Rhymes & Kids Songs,Kids/Educational
Rain Rain Go Away | @CoComelon Nursery Rhymes & Kids Songs,Kids/Educational
"Diles - Bad Bunny, Ozuna, Farruko, Arcangel, Ñengo Flow",Ad/Promo
The Weeknd - I Feel It Coming ft. Daft Punk (Official Video),Music Video
Wheels on the Bus | Mother Goose Club Playhouse Nursery Rhymes,Kids/Educational
Katy Perry - Bon Appétit (Official) ft. Migos,Music Video
Mausam Hua Garam | Hindi Rhymes for Children | Infobells,Kids/Educational
Shakira - Can't Remember to Forget You (Official Video) ft. Rihanna,Music Video
Our MOST INTENSE Balloon Popping Race!!,Other
Песенки для детей - Едет трактор - мультик про машинки,Other
Ten Little Buses | Nursery Rhymes & Toddler Song | NuNu Tv #childrensongs #singalong #babysong,Kids/Educational
Fishing net | Using watermelon as bait to catch fish. | Outdoor fishing #fishing #shortsviral,Short
Europe - The Final Countdown (Official Video),Music Video
La Granja de Zenón - Las 35 mejores Canciones de la Granja 1 - 2 y 3 en HD,Other
Indila - Dernière Danse (Clip Officiel),Music Video
BATH SONG | Nursery Rhymes & Kids Songs Gaby and Alex,Kids/Educational
"Cham Cham Full Video | BAAGHI | Tiger Shroff, Shraddha Kapoor| Meet Bros, Monali Thakur| Sabbir Khan",Ad/Promo
Sia - Elastic Heart feat. Shia LaBeouf & Maddie Ziegler (Official Video),Music Video
아기상어 체조 | Baby Shark Dance | 상어가족 체조 | 핑크퐁 체조 | 핑크퐁 인기동요,Kids/Educational
Naughty Boy - La la la ft. Sam Smith (Official Video),Music Video
SEU LOBATO - Clipe Música Oficial - Galinha Pintadinha 4,Ad/Promo
Abang Tukang Bakso - Daffa & Khalista feat Kak Nunuk | Lagu Anak Ceria Edukatif,Other
Osito Gominola - Full Spanish Version - The Gummy Bear Song,Other
La Forma En Que Me Miras - Super Yei x Myke Towers x Sammy x Lenny Tavarez x Rafa Pabon x Jone Quest,Other
Mile Ho Tum - Reprise Version | Neha Kakkar | Tony Kakkar | Fever | Gaurav Jang,Other
Joey Montana - Picky,Other
Bento e Totó - O Patinho Colorido (Desenho Infantil),Other
DORITO DREAM GIRL,Other
Johny Johny Yes Papa (Parents Version) | @CoComelon Nursery Rhymes & Kids Songs,Kids/Educational
Bom Diggy Diggy (VIDEO) | Zack Knight | Jasmin Walia | Sonu Ke Titu Ki Sweety,Other
World’s Best Prank Gone Wrong! How To Win Every Prank Wars Challenge,Tutorial/Educational
BTS (방탄소년단) 'IDOL' Official MV,Music Video
Aayat Arif | Eid Mubarak | New Eid Nasheed 2020 | Official Video | Beautiful Video | Heera Gold,Music Video
Travis Scott - SICKO MODE (Official Video) ft. Drake,Music Video
XXXTENTACION - MOONLIGHT (OFFICIAL MUSIC VIDEO),Music Video
Los Ángeles Azules - Mis Sentimientos ft. Ximena Sariñana,Music Video
Sibling Love Part 2 👧🏻❤️👶🏻,Other
BTS (방탄소년단) 'FAKE LOVE' Official MV,Music Video
Marshmello ft. Bastille - Happier (Official Music Video),Music Video
Ricky Martin - La Mordidita (Official Video) ft. Yotuel,Music Video
Shark Family Dance Party,Other
Migos - Bad and Boujee ft Lil Uzi Vert [Official Video],Music Video
chhoti si bacchi ne di maa ko Sikh#shorts #trending #viral #youtubeshorts #thegeetagurjar,Short
BLACKPINK - 'How You Like That' M/V,Other
Paulo Londra - Tal Vez (Official Video),Music Video
Shakira - La La La (Brazil 2014) ft. Carlinhos Brown,Music Video
في منزل أنثى السنجاب دق دق الباب,Other
Red Hot Chili Peppers - Californication (Official Music Video) [HD UPGRADE],Music Video
"J Balvin - Safari ft. Pharrell Williams, BIA, Sky (Official Video)",Music Video
Justin Bieber - Never Say Never ft. Jaden,Music Video
Wheels on the Bus (Play Version) + More Nursery Rhymes & Kids Songs - CoComelon,Kids/Educational
La Gallina Turuleca - Canciones de la Granja de Zenón 1,Other
Calum Scott - You Are The Reason (Official Video),Music Video
"Arcángel, Sech - Sigues Con Él (Video Oficial)",Music Video
Maluma - El Perdedor (Official Video),Music Video
Getting Ready for School | Hindi Rhymes for Children | Infobells,Kids/Educational
KAROL G - Provenza (Official Video),Music Video
Katy Perry - Hot N Cold (Official Music Video),Music Video
Temu App Official Big Game Ad | Shop like a Billionaire,Ad/Promo
Breakfast Song | CoComelon Nursery Rhymes & Kids Songs,Kids/Educational
"Rema, Selena Gomez - Calm Down (Official Music Video)",Music Video
Billie Eilish - bad guy,Ad/Promo
Coldplay - The Scientist (Official 4K Video),Other
Chino & Nacho - Me Voy Enamorando (Remix) ft. Farruko,Music Video
Maluma - Borro Cassette (Official Video),Music Video
Yng Lvcas & Peso Pluma - La Bebe (Remix) [Video Oficial],Music Video
Halloween Baby Shark | Kids Songs and Nursery Rhymes | Halloween Songs from Bounce Patrol,Kids/Educational
Independence Day Craft #shorts #youtubeshorts #diy #independenceday #artandcraft #india #kids,Short
"Pitbull - Give Me Everything ft. Ne-Yo, Afrojack, Nayer",Music Video
bolo Tara Ra Ra #shorts,Short
"Skrillex and Diplo - ""Where Are Ü Now"" with Justin Bieber (Official Video)",Music Video
Avicii - Waiting For Love,Other
Revenge 😂,Other
Tatiana - No Me Quiero Bañar,Other
"Head, Shoulders, Knees & Toes - Exercise Song For Kids",Kids/Educational
dosti mein Chhota bada nahin hota Sahi kaha na #shorts | Shantanu ki Masti,Short
"Satisfying Gun Toys, Happy to Play toys with Friends #gun #toys #shorts 🥰32",Short
Akon - Lonely (Official Music Video),Music Video
"DJ Khaled - Wild Thoughts (Official Video) ft. Rihanna, Bryson Tiller",Music Video
Romeo Santos - Eres Mía (Official Video),Music Video
ماما جابت بيبي - جنى مقداد | طيور الجنة,Other
Fun.: We Are Young ft. Janelle Monáe [OFFICIAL VIDEO],Music Video
Bonnie Tyler - Total Eclipse of the Heart (Turn Around) (Official Video),Music Video
Post Malone - rockstar (Official Music Video) ft. 21 Savage,Music Video
Dread Mar I - Tu Sin Mi [ Video Oficial HD Version ],Music Video
Tayo Lagu Pembukaan Tema Kompilasi l lagu untuk anak-anak l Hey Tayo! l Tayo bus kecil,Other
もも、せんのすけにケーキをとられ泣く,Other
XXXTENTACION - SAD!,Ad/Promo
La Oreja de Van Gogh - Rosas (Vídeo Oficial),Music Video
Wheels On The Bus | Nursery Rhymes for Babies by LittleBabyBum - ABCs and 123s,Kids/Educational
"Tainy, Anuel AA, Ozuna - Adicto (Official Video)",Music Video
J Balvin - 6 AM ft. Farruko,Music Video
BAD BUNNY - CALLAÍTA (Video Oficial),Music Video
The Black Eyed Peas - Where Is The Love? (Official Music Video),Music Video
CÃO AMIGO - Galinha Pintadinha 2 - OFICIAL,Ad/Promo
Hickory Dickory Dock | CoComelon Nursery Rhymes & Kids Songs,Kids/Educational
Baa Baa Black Sheep - The Joy of Sharing!,Other
Guru Randhawa: High Rated Gabru Official Song | DirectorGifty | Bhushan Kumar | T-Series,Other
Coldplay - Yellow (Official Video),Music Video
“Golden” Official Lyric Video | KPop Demon Hunters | Sony Animation,Music Video
Humpty Dumpty Grocery Store | CoComelon Nursery Rhymes & Kids Songs,Kids/Educational
Marc Anthony - Vivir Mi Vida (Official Video),Music Video
Ariana Grande - no tears left to cry (Official Video),Music Video
"$100,000,000 Car Doors",Other
Mukbang Big Bottle Candy drink 보틀 캔디 젤리 먹방 DONA 도나,Other
"KAROL G, Anuel AA - Culpables (Official Video)",Music Video
MC Kevinho - Olha a Explosão (KondZilla) | Official Music Video,Music Video
Monkey Banana-Baby Monkey | Animal Songs | PINKFONG Songs for Children,Kids/Educational
Aayat Arif | Hasbi Rabbi | Tere Sadqay Main Aqa | Ramzan Special Nasheed 2020 | Official Video,Music Video
Marshmello & Anne-Marie - FRIENDS (Lyric Video) *OFFICIAL FRIENDZONE ANTHEM*,Music Video
Alan Walker - The Spectre,Other
Michael Jackson - They Don't Care About Us,Other
Necesito buscarme otro hobby 🍬🥵,Other
ZAYN - PILLOWTALK (Official Video),Music Video
"SIMMBA: Aankh Marey Lyrical | Ranveer Singh, Sara Ali Khan | Tanishk Bagchi, Mika Singh,Neha,Kumar S",Other
If You’re Happy And You Know It | Kids Songs | Super Simple Songs,Kids/Educational
Mariana - Galinha Pintadinha 1 - OFICIAL,Ad/Promo
Sam Smith - Stay With Me (Official Music Video),Music Video
Michael Jackson - Beat It (Official 4K Video),Other
"Dil Laga Liya Maine Tumse Pyaar Karke | Dil Hai Tumhaara | Preity Zinta | Alka Yagnik, Udit Narayan",Other
The Verve - Bitter Sweet Symphony,Other
Chuva Chove no Chuveiro | BOLOFOFOS [ Hora do banho ],Other
Romeo Santos - La Diabla/Mi Santa (Official Video) ft. Tomatito,Music Video
Jinu Tries to Save Baby Rumi From the Claw Machine! But...🤣🤣🤣,Kids/Educational
Belly Button Song Dance! Learn about the Body! CoComelon #Shorts,Short
KAROL G - Si Antes Te Hubiera Conocido | Coke Studio,Other
Om-Nom-nom + MORE D Billions Kids Songs,Kids/Educational
Tove Lo - Habits (Stay High) - Hippie Sabotage Remix,Music Video
Michel Teló - Ai Se Eu Te Pego - Video Oficial (Assim você me mata),Music Video
"Lyrical: Tum Hi Aana | Marjaavaan | Riteish D, Sidharth M, Tara S |Jubin Nautiyal,Payal Dev,Kunaal V",Other
"David Guetta - Play Hard ft. Ne-Yo, Akon (Official Video)",Music Video
Imagine Dragons - Demons (Official Music Video),Music Video
Nelly Furtado - Say It Right (Official Music Video),Music Video
Myntra - It's You 2.0,Other
"DJ Snake, Lil Jon - Turn Down for What",Other
Mascha und der Bär - Folge 2: Das Mascha Speziale,Other
Bruno Mars - Grenade (Official Music Video),Music Video
Learn colors with Balloons ! Kids and daddy have fun playtime with color song !,Kids/Educational
Sharing is Caring: Maddie's and Andrea Playroom Adventure,Ad/Promo
Lewis Capaldi - Someone You Loved,Other
Bebe Rexha - Meant to Be (feat. Florida Georgia Line) [Official Music Video],Music Video
I Don't Want To Talk About It (from One Night Only! Rod Stewart Live at Royal Albert Hall),Other
어떤게 제일 좋을까?,Other
Don Omar - Taboo,Other
No Doubt - Don't Speak (Official 4K Music Video),Music Video
Khalid - Better (Official Video),Music Video
"Bella, Wolfine - Video Oficial",Music Video
Hoobastank - The Reason (Official Music Video),Music Video
Official Video: Humnava Mere Song | Jubin Nautiyal | Manoj Muntashir | Rocky - Shiv | Bhushan Kumar,Music Video
Sia - Cheap Thrills (Performance Edit),Other
GIANT Lightning McQueen Egg Surprise with 100+ Disney Cars Toys,Kids/Educational
Ricardo Arjona - Historia De Taxi (Video),Other
Like father like son #parents #toddlermom #toddlers #moms #dads #momlife #shorts #family,Short
Bruno Mars - Locked Out Of Heaven (Official Music Video),Music Video
"Full Song: KHAIRIYAT (BONUS TRACK) | CHHICHHORE | Sushant, Shraddha | Pritam, Amitabh B|Arijit Singh",Ad/Promo
Rihanna - Umbrella (Orange Version) (Official Music Video) ft. JAŸ-Z,Music Video
"Jhoome Jo Pathaan Song | Shah Rukh Khan, Deepika | Vishal & Sheykhar, Arijit Singh, Sukriti, Kumaar",Other
Ariana Grande - Break Free (Official Video) ft. Zedd,Music Video
How Zach King Gets Away With Doing Graffiti,Other
Toto - Africa (Official HD Video),Other
BAD BUNNY - AMORFODA (Video Oficial),Music Video
'Abhi Toh Party Shuru Hui Hai' Full Video Song | Khoobsurat | Badshah | Sonam Kapoor | Aastha,Ad/Promo
Miley Cyrus - Wrecking Ball (Official Video),Music Video
"Cali Y El Dandee - Por Fin Te Encontré ft. Juan Magán, Sebastián Yatra",Music Video
DJ Snake ft. Justin Bieber - Let Me Love You [Lyric Video],Music Video
Dynoro & Gigi D’Agostino - In My Mind,Other
Biper y sus amigos - El Patito Juan - Video Oficial,Music Video
First Day of School | CoComelon Nursery Rhymes & Kids Songs,Kids/Educational
Blub 💦,Other
Lakdi Ki Kathi | लकड़ी की काठी | Old Hindi Songs for Kids,Kids/Educational
Saad Lamjarred - LM3ALLEM (Exclusive Music Video) | (سعد لمجرد - لمعلم (فيديو كليب حصري,Music Video
Foster The People - Pumped Up Kicks (Official Video),Music Video
This is SO cool!,Other
Are We There Yet? | CoComelon Nursery Rhymes & Kids Songs,Kids/Educational
蛙哥啥都敢咬,Other
Maroon 5 - One More Night (Official Music Video),Music Video
Música Cinco Macaquinhos | Chanson Cinq petits singes | Comptines Et Chansons | À Bébé Chanson,Other
Let's test the spoons! Which one is the best? #kids #fun,Kids/Educational
ديانا تريد أن تشتري سيارة جديدة جميلة,Other
"Phir Bhi Tumko Chaahunga - Full Song | Arijit Singh | Arjun K & Shraddha K | Mithoon, Manoj M",Ad/Promo
Maroon 5 - Memories (Official Video),Music Video
"Maluma - Cuatro Babys (Official Video) ft. Trap Capos, Noriel, Bryant Myers, Juhn",Kids/Educational
"Usher - Yeah! (Official Video) ft. Lil Jon, Ludacris",Music Video
Grupo Frontera x Grupo Firme - EL AMOR DE SU VIDA (Video Oficial),Music Video
Iggy Azalea - Fancy ft. Charli XCX,Music Video
Justin Bieber - Beauty And A Beat (Official Music Video) ft. Nicki Minaj,Music Video
TV9 Marathi News LIVE | Disha Salian Case Update | Prashant Koratkar | Kunal Kamra | PM Modi LIVE,Other
Rihanna - Stay ft. Mikky Ekko,Music Video
Car Wash Song | @CoComelon Nursery Rhymes & Kids Songs,Kids/Educational
Step Up: High Water | YouTube Originals,Other
Scorpions - Wind Of Change (Official Music Video),Music Video
J Balvin BONITA feat. Jowell & Randy,Music Video
Travesuras - Nicky Jam | Video Oficial,Music Video
Cuidado con la Bomba Chita - Las Canciones del Zoo | El Reino Infantil,Ad/Promo
Daru Badnaam | Kamal Kahlon & Param Singh | Official Video | Pratik Studio | Latest Punjabi Songs,Music Video
"ARY NEWS LIVE | Latest Pakistan News 𝟐𝟒/𝟕 | Headlines, Bulletins, Breaking News",Ad/Promo
ABC Song + More Nursery Rhymes & Kids Songs - CoComelon,Kids/Educational
Yiyo Sarante - Corazòn de Acero (Video Oficial),Music Video
Five Little Ducks + More | Nursery Rhymes for for Babies by LittleBabyBum,Kids/Educational
Lil Pump - Gucci Gang [Official Music Video],Music Video
Maluma - Hawái (Official Video),Music Video
Vlad and Niki - new Funny stories about Toys for children,Kids/Educational
Stromae - papaoutai (Official Video),Music Video
Miley Cyrus - Flowers (Official Video),Music Video
LISA - 'MONEY' EXCLUSIVE PERFORMANCE VIDEO,Other
ABC Song | Wendy Pretend Play Learning Alphabet w/ Toys & Nursery Rhyme Songs,Kids/Educational
Johny Johny Yes Papa - S1EP35 Fun and Play MIX - LooLoo Kids Songs for Kids,Kids/Educational
🔴 𝗚𝗘𝗢 𝗡𝗲𝘄𝘀 𝗟𝗶𝘃𝗲: 𝗟𝗮𝘁𝗲𝘀𝘁 𝗣𝗮𝗸𝗶𝘀𝘁𝗮𝗻 𝗡𝗲𝘄𝘀 𝗟𝗶𝘃𝗲 𝟐4/𝟕 Breaking News & Headlines (Today News) #pakistannews,Ad/Promo
Cardi B - Bodak Yellow [OFFICIAL MUSIC VIDEO],Music Video
Ylvis - The Fox (What Does The Fox Say?) [Official music video HD],Music Video
AC/DC - Back In Black (Official 4K Video),Other
How to make cow shed roof || Rural house mini project,Tutorial/Educational
Gun Snatch Drill😂🤯💀,Other
TN EN VIVO - SEGUÍ LA TRANSMISIÓN EN VIVO DE TODO NOTICIAS,Other
Bath Song Part 1 Telugu Shorts | Baby Ronnie | Minnu and Mintu Telugu Nursery Rhyme | #youtubeshorts,Kids/Educational
FILHALL | Akshay Kumar Ft Nupur Sanon | BPraak | Jaani | Arvindr Khaira | Ammy Virk | DESI MELODIES,Other
TV9 Telugu News LIVE,Other
Rihanna - We Found Love ft. Calvin Harris,Music Video
"David Guetta, Bebe Rexha & J Balvin - Say My Name (Official Video)",Music Video
Willy William - Ego (Clip Officiel),Music Video
8 Parche | Baani Sandhu | Gur Sidhu | Gurneet Dosanjh | Punjabi Song | Ishtar Punjabi #punjabisong,Other
Survivor - Eye Of The Tiger (Official HD Video),Other
"KAROL G, Mariah Angeliq - EL MAKINON (Official Video)",Music Video
Nicki Minaj - Anaconda,Other
Head Shoulders Knees & Toes | @CoComelon Nursery Rhymes & Kids Songs,Kids/Educational
Subscribe for an iPhone,Other
Thalia - Desde Esa Noche (Premio Lo Nuestro 2016) ft. Maluma,Music Video
Linkin Park - In The End (Mellen Gi & Tommee Profitt Remix),Music Video
Juice WRLD - Lucid Dreams (Official Music Video),Music Video
Ten Little Duckies | @CoComelon Nursery Rhymes & Kids Songs,Kids/Educational
David Guetta & Showtek - Bad ft.Vassy (Lyrics Video),Music Video
A Baratinha - Galinha Pintadinha 1 - OFICIAL,Ad/Promo
Swimming Song + More Nursery Rhymes & Kids Songs - CoComelon,Kids/Educational
Patitos Cua Cua Cua - Canciones y clásicos infantiles,Other
Fun Indoor Playground for Family and Kids at Leo's Lekland,Kids/Educational
How Buster Keaton did this crazy stunt in 1924 🤯,Other
"ARY NEWS LIVE | Latest Pakistan News 24/7 | Headlines, Bulletins, Breaking News & Exclusive Coverage",Live Stream
BOTTLE TRICK,Other
Gundrani Gundrati Laddu | Telugu Rhymes for Children | Infobells,Kids/Educational
will.i.am - Scream & Shout ft. Britney Spears,Music Video
Post Malone - Psycho (Official Music Video) ft. Ty Dolla $ign,Music Video
SAMBALELÊ - Galinha Pintadinha 4 - OFICIAL,Ad/Promo
Wheels On The Bus (School Version) | CoComelon Nursery Rhymes & Kids Songs,Kids/Educational
LMFAO - Sexy and I Know It,Other
Miyagi & Эндшпиль feat. Рем Дигга - I Got Love (Official Video),Music Video
Akon - Right Now (Na Na Na) (Official Video),Music Video
Hair cut hairstyles color colors 😘,Other
Chatak Matak (Official Video) | Sapna Choudhary | Renuka Panwar | New Haryanvi Songs Haryanavi 2026,Music Video
Post Malone - White Iverson,Other
Bartolito - La Granja de Zenón 3,Other
Ariana Grande - Into You (Official Video),Music Video
Disturbed - The Sound Of Silence (Official Music Video) [4K UPGRADE],Music Video
"Giving Away $1,000,000 in Gifts To My Subscribers",Other
Michael Jackson - Smooth Criminal (Official Video),Music Video
If You're Happy | Kids Song | Super Simple Songs,Kids/Educational
Kalu Madari Aaya | कालू मदारी आया | Hindi Rhymes And Baby Songs | Hindi Balgeet | Kids Channel India,Kids/Educational
"संकटमोचन हनुमान अष्टक, Sankat Mochan Hanuman Ashtak,HARIHARAN,Hindi, English Lyrics, Hanuman Chalisa",Music Video
"Kala Chashma | Baar Baar Dekho | Sidharth M Katrina K | Prem, Hardeep, Badshah, Kam, Neha, Indeep",Ad/Promo
MACKLEMORE & RYAN LEWIS - CAN'T HOLD US FEAT. RAY DALTON (OFFICIAL MUSIC VIDEO),Music Video
Wheels on the Bus - Nursery Rhymes and Kids Songs,Kids/Educational
Enrique Iglesias - DUELE EL CORAZON ft. Wisin,Music Video
"Nacho, Yandel, Bad Bunny - Báilame (Remix)",Music Video
System Of A Down - Toxicity (Official HD Video),Other
BAD BUNNY - SOY PEOR (Video Oficial),Music Video
Bon Jovi - Always (Official Music Video),Music Video
Guru Randhawa: Lahore (Official Video) Bhushan Kumar | Vee | DirectorGifty | T-Series,Music Video
I Built A Cat Wall Playground,Kids/Educational
Britney Spears - ...Baby One More Time (Official Video),Kids/Educational
CoComelon's 13th Birthday,Kids/Educational
Animal Sounds for Children (20 Amazing Animals),Kids/Educational
Happy Birthday Song | CoComelon Nursery Rhymes & Kids Songs,Kids/Educational
"Eurythmics, Annie Lennox, Dave Stewart - Sweet Dreams (Are Made Of This) (Official Video)",Music Video
John Newman - Love Me Again,Other
La Sonora Dinamita - Qué Bello ft. Kika Edgar,Music Video
Eminem - The Real Slim Shady (Official Video - Clean Version),Music Video
Katana Vs Bullet,Challenge/Experiment
"Black Eyed Peas, J Balvin - RITMO (Bad Boys For Life) (Official Music Video)",Music Video
London Bridge is Falling Down | CoComelon Nursery Rhymes & Kids Songs,Kids/Educational
HAND IN BUCKET ( PRANK )!! 🤣- #Shorts,Short
Shakira - Perro Fiel (Official Video) ft. Nicky Jam,Music Video
Humpty Railgadi o taar shobji Bondhura | Humpty the train and vegetables song | Kiddiestv bangla,Ad/Promo
Going To The Dentist Song | Alex Pretend Play Sing-Along to Nursery Rhymes Kids Songs,Kids/Educational
Sharing Snacks! 🍡 Mighty Little Bheem | Netflix Jr #shorts,Short
"Luis Ángel Gómez Jaramillo, Gael García Bernal - Un Poco Loco (De ""Coco"")",Other
One Direction - Night Changes,Other
"İngilizcede Zıt kelimeler 7 | ER, EST ekleri | #ingilizce #zıtkelimeler #çocuk #okulöncesi #eğitim",Other
"Dalex - Hola Remix ft. Lenny Tavárez, Chencho Corleone, Juhn ""El All Star"" (Video Lírico Oficial)",Music Video
Tom Odell - Another Love (Official Video),Music Video
Count to ten with EGGS!🪺 #preschool #kidssongs #kidsvideo #counting,Kids/Educational
Stripped: This Is What You Signed Up For (Episode 1) | Bravo,Other
"Jagga Jasoos: Galti Se Mistake Video Song | Ranbir, Katrina | Pritam, Arijit, Amit | Amitabh B",Other
Baby Shark do doo do do doo! 🦈 #shorts #babyshark,Short
Pharrell Williams - Happy (Official Music Video),Music Video
His reaction. 😅😂#shorts,Short
Marc Anthony - Flor Pálida (Official Video),Music Video
Camila Cabello - Havana (Official Video) ft. Young Thug,Music Video
La canción del baño | Canciones infantiles | LittleBabyBum,Kids/Educational
Turning Statues Into Food!! (Delicious),Food/Cooking
Little Mix - Black Magic (Official Video),Music Video
50 Cent - Candy Shop (Official Music Video) ft. Olivia,Music Video
Swedish House Mafia ft. John Martin - Don't You Worry Child (Official Video),Music Video
Bad Bunny ft. Chencho Corleone - Me Porto Bonito (Video Oficial) | Un Verano Sin Ti,Music Video
NIK-L-NIP Wax Bottle 닉클립 왁스병 캔디 Mukbang 먹방 DONA 도나,Other
Halsey - Without Me,Other
Miley Cyrus - Party In The U.S.A. (Official Video),Music Video
One Direction - Drag Me Down (Official Video),Music Video
Madonna - La Isla Bonita (Official Video),Music Video
Marshmello & Anne-Marie - FRIENDS (Music Video) *OFFICIAL FRIENDZONE ANTHEM*,Music Video
பாம் பாம் பாம் பாம் பேருந்து - School Bus Song | Tamil Rhymes for Children | Infobells,Kids/Educational
Speed Cleaning Our Studio Before Our Boss Arrives,Other
Travis Scott - goosebumps (Official Video) ft. Kendrick Lamar,Music Video
Cedarmont Kids - If You're Happy And You Know It,Kids/Educational
"6ix9ine - FEFE ft. Nicki Minaj, Murda Beatz",Music Video
Rihanna - What's My Name? ft. Drake,Music Video
When I bought a quirky water gun hahaha with something very new gun toy time to arrange it,Kids/Educational
Waxing the SpongeBob leg,Other
India TV LIVE: Aaj Ki Baat | Nepal Protest Updates | PM Modi | France Protest | AAP | Sanjay Singh,Challenge/Experiment
"La Adictiva Banda San José de Mesillas - Después de Ti, ¿Quién?",Ad/Promo
Gorillaz - Feel Good Inc. (Official Video),Music Video
Jaha Tum Rahoge | Maheruh | Amit Dolawat & Drisha More | Altamash Faridi | Kalyan Bhardhan,Other
حميدو - طيور بيبي | Toyor Baby,Kids/Educational
"Reik - Me Niego ft. Ozuna, Wisin",Music Video
Wedding behind the scenes photography,Other
Vaina Loca - Ozuna x Manuel Turizo (Video Oficial),Music Video
Sami and amira play Indoor Games and have fun,Other
Tom & Jerry ( Anu&Rithvi) Part 2 #shorts,Short
R. City - Locked Away (Official Video) ft. Adam Levine,Music Video
Michael Jackson - Thriller (Official 4K Video),Other
Cobra Kai I YouTube Originals,Other
"Yuridia, Ángela Aguilar - Qué Agonía (Video Oficial)",Music Video
"HA-ASH - Perdón, Perdón (Primera Fila - Hecho Realidad [En Vivo])",Ad/Promo
Jay Wheeler - La Curiosidad ft. Myke Towers (Official Video),Music Video
Wham! - Last Christmas (Official Video),Music Video
Katy Perry - The One That Got Away (Official Music Video),Music Video
"Color song , Learn Colors Ball with Mommy,Öykü and cute characters",Tutorial/Educational
Soccer Song (Football Song) | @CoComelon Nursery Rhymes & Kids Songs,Kids/Educational
JESSE & JOY – ¡Corre! (Video Oficial),Music Video
24 News Live TV | Kerala Assembly Election 2026 | Malayalam News Live | HD Live Streaming | 24 News,Live Stream
Kendrick Lamar - HUMBLE.,Other
Maluma - Sin Contrato (Official Video),Music Video
2024 New Heart Touching Beautiful Naat Sharif - Hasbi Rabbi - Huda Sisters - Hi-Tech Islamic Naats,Other
"Mau y Ricky, Manuel Turizo, Camilo - Desconocidos (Official Video)",Music Video
Nicki Minaj - Super Bass (Official Video),Music Video
aj amaira n bnaya paneer #thegeetagurjar #shorts,Short
Maroon 5 - Girls Like You ft. Cardi B (Volume 2) (Official Music Video),Music Video
Sebastián Yatra - No Hay Nadie Más (Official Video),Music Video
"Karol G, Bad Bunny - Ahora Me Llama (Official Video)",Music Video
"Tainy, J. Balvin - Agua (Music From ""Sponge On The Run"" Movie)",Film/Documentary
Diana Pretend Play with Princess Carriage Inflatable Toy,Kids/Educational
Heera 💎 ko smjh nahi aaya kya #vivaanandtanya,Other
Evanescence - My Immortal (Official HD Music Video),Music Video
Soltera Remix - Lunay X Daddy Yankee X Bad Bunny ( Video Oficial ),Music Video
"Any Gabrielly - Saber Quem Sou (De ""Moana"")",Other
Hold Your Pencil LIKE A PRO with This Easy Trick! ✏️ ✋ #kidslearning #funforkids #diyforkids,Kids/Educational
Lakdi ki kathi | लकड़ी की काठी | Popular Hindi Children Songs | Animated Songs by JingleToons,Kids/Educational
Clean Bandit - Solo (feat. Demi Lovato) [Official Video],Music Video
Dua Lipa - Levitating Featuring DaBaby (Official Music Video),Kids/Educational
Boo Boo Song plus more Baby Songs - ChuChu TV Baby Nursery Rhymes & Kids Songs - Baby Taku’s World,Kids/Educational
Man Vs Cartoon Characters (animation meme) #boyanddragon #shorts,Short
Wait for twist🤣 #grandmastiarpit #funny #funnycomedy @ARPITBHIYAINDORI,Comedy/Entertainment
Would you like to make friends with me?#shorts,Short
🥤 BIG COLA for MOM! KID Shows LOVE! 💖 #shorts #funny,Short
ABBA - Dancing Queen (Official Music Video),Music Video
Teeth Brushing with Elmo,Other
Yes Yes Fruits Song | @CoComelon Nursery Rhymes & Kids Songs,Kids/Educational
Daddy Yankee - Que Tire Pa' 'Lante (Video Oficial),Music Video
"Fortunately, the breeder closed his feet quickly, otherwise he would have ended up like a pumpkin.",Other
Grupo Frontera x Bad Bunny - UN X100TO (Video Oficial),Music Video
J Balvin - Si Tu Novio Te Deja Sola ft. Bad Bunny (Official Video),Music Video
JENNIE - 'SOLO' M/V,Other
BTS (방탄소년단) 'Butter' Official MV,Music Video
우리가 친구인 이유😁 Reason Why We are Friends #larva #larvacartoon #라바 #쇼츠 #shorts,Short
Rae Sremmurd - Black Beatles ft. Gucci Mane (Official Video),Music Video
"The Kid LAROI, Justin Bieber - STAY (Official Video)",Music Video
Waka Waka (Esto es Africa) (Cancion Oficial de la Copa Mundial de la FIFA� Sudafrica 2010),Other
"Full Song: O SAKI SAKI | Batla House | Nora Fatehi, Tanishk B,Neha K,Tulsi K, B Praak,Vishal-Shekhar",Other
Twin Baby Girls Fight Over Pacifier 🍼,Kids/Educational
Mimi x Daniela - She Gets Away With Everything (Music Video),Music Video
Guessed the song 🦈? write the name in the comment😜 #alphabetlore #alphabet #babyshark,Kids/Educational
Major Lazer - Cold Water (feat. Justin Bieber & MØ) [Official Lyric Video],Music Video
Piercing PRANK Gone BAD 🤣🤣🤣🤣,Comedy/Entertainment
Sand slime on the moon,Other
١٢ يناير ٢٠٢١,Other
Khalid - Young Dumb & Broke (Official Video),Music Video
Katy Perry - Wide Awake (Official Video),Music Video
Leja Re | Dhvani Bhanushali | Tanishk Bagchi | Rashmi Virag |Radhika Rao| Vinay Sapru | Siddharth,Ad/Promo
Eminem - When I'm Gone (Official Music Video),Music Video
Coldplay - A Sky Full Of Stars (Official Video),Music Video
One Direction - Story of My Life,Vlog
Imagine Dragons - Whatever It Takes (Official Music Video),Music Video
BLACKPINK - ‘Pink Venom’ M/V,Other
Badshah – Genda Phool | Jacqueline Fernandez | Payal Dev | Hit Anthem of the Year 2021,Ad/Promo
Machli Jal Ki Rani hai - Hindi Rhymes | hindi baby songs | Hindi Poem | Jugnu kids nursery rhymes,Kids/Educational
The Weeknd - Call Out My Name (Official Video),Music Video
The Animal Sounds Song - Kids Songs about Animal Noises,Kids/Educational
"SIMMBA: Aankh Marey | Ranveer Singh, Sara Ali Khan | Tanishk Bagchi,Mika Singh,Neha Kakkar, Kumar S",Other
Do You Like Broccoli Ice Cream? | Food Song for Kids! | Super Simple Songs,Kids/Educational
The Colors Song (with Popsicles) | @CoComelon Nursery Rhymes & Kids Songs,Kids/Educational
Playground Time! 🙂 Mighty Little Bheem | Netflix Jr,Kids/Educational
One Little Finger featuring @NoodleAndPals | Kids Song | Super Simple Songs,Kids/Educational
Bad Bunny - Tití Me Preguntó (Video Oficial) | Un Verano Sin Ti,Music Video
Banda Los Recoditos - Mi Último Deseo (Video Oficial),Music Video
Beyoncé - Single Ladies (Put a Ring on It) (Video Version),Ad/Promo
Esperándote - MTZ Manuel Turizo | Video Oficial,Music Video
Gym Class Heroes: Stereo Hearts ft. Adam Levine [OFFICIAL VIDEO],Music Video
3 Doors Down - Here Without You (Official Music Video),Music Video
Milky Chance - Stolen Dance (Official 4K Music Video),Music Video
El Marinero Baila - Paco El Marinero | El Reino Infantil,Other
Pitbull - International Love (Official Video) ft. Chris Brown,Music Video
Ozuna - Síguelo Bailando (Video Oficial),Music Video
Hatti Raja Kahan Chale Hindi Rhymes,Kids/Educational
Anne-Marie - 2002 [Official Video],Music Video
Wait for last 🤣🤣 #shorts,Short
"Baby Shark, featuring Luis Fonsi | Baby Shark Song | Pinkfong Songs for Children",Kids/Educational
$1000 RC CAR VS GIRL TEST in Texas! 😳🚀,Challenge/Experiment
"#Video - #Rap Song - हैलो कौन - #Ritesh Pandey,Sneh Upadhya - Hello Koun - New Bhojpuri Song 2023",Ad/Promo
How Zach King Gets Away With Doing Graffiti,Other
Diana and Roma - mysterious challenge in the house,Challenge/Experiment
Ayo & Teo - Rolex (Official Video),Music Video
Les mots composés en anglais 3 / Compound words 🇬🇧💕 #apprendre #enfants #débutant #vocabulaire,Other
"Sebastián Yatra, Mau y Ricky - Ya No Tiene Novio (Official Video)",Music Video
Wheels On The Bus - LooLoo Kids Nursery Rhymes & Kids Songs,Kids/Educational
Coldplay - Viva La Vida (Official Video),Music Video
Hindi | Nani Teri Morni Ko Mor Le Gaye | नानी तेरी मोरनी को मोर ले गए I Fun For Kids TV,Kids/Educational
Bryan Adams - Please Forgive Me (Official Music Video),Music Video
Aya Nakamura - Djadja (Clip officiel),Music Video
Three years later and we leased our first studio space to continue filming our trick shot videos!!,Film/Documentary
Piso 21 - Me Llamas (feat. Maluma) [Remix] | Video Oficial,Music Video
"'PREM RATAN DHAN PAYO' Title Song (Full VIDEO) | Salman Khan, Sonam Kapoor | Palak Muchhal T-Series",Other
Mumma Anaya Ke Liye Layi Bubble Gun ❤️,Other
Ozuna - El Farsante (Audio Oficial) | Odisea,Other
#JasonDeruloTV // Via sebastian_schieren #SlowLow,Other
Churrasquinho do Menos é Mais - Melhor eu ir/Ligando os Fatos/Sonho de Amor/Deixa eu te querer,Other
Bad Bunny - Yonaguni (Video Oficial),Music Video
"Becky G, Paulo Londra - Cuando Te Besé (Official Video)",Music Video
Clean Up Trash Song | CoComelon Nursery Rhymes & Kids Songs,Kids/Educational
Zé Neto e Cristiano - LARGADO ÀS TRAÇAS - Zé Neto e Cristiano Acústico,Ad/Promo
Ariana Grande - Focus (Official Video),Music Video
JoJo Siwa - BOOMERANG (Official Video),Music Video
Ava Max - Sweet but Psycho [Official Music Video],Music Video
Cutest Mini Water Dispenser Ever?! 🧃😄 DIY That Actually Works! #fun #build,Challenge/Experiment
Kiss - I Was Made For Lovin' You,Ad/Promo
BTS (방탄소년단) '피 땀 눈물 (Blood Sweat & Tears)' Official MV,Music Video
Gorillaz - Clint Eastwood (Official Video),Music Video
The Pussycat Dolls - Buttons (Official Music Video) ft. Snoop Dogg,Music Video
13 minicars & blue convoy! Play on the lake.,Other
E 사이에 있는 I,Other
भाई ने बहन के लिए Toy 🚘 बनाई | #shorts #funny,Short
ToRung comedy: 😂magic box📦,Comedy/Entertainment
Jason Derulo - Wiggle feat. Snoop Dogg [Official Music Video],Music Video
Rihanna - Man Down,Other
Top 10 iPhone Trick Shots,Other
Aaj Ki Raat | Stree 2 | Tamannaah Bhatia | Sachin–Jigar | Madhubanti Bagchi | Divya K | Amitabh B,Ad/Promo
Human Letter H,Other
Masha and The Bear - Bon appétit! 🥟 (Episode 24) New cartoon for kids 2016!,Kids/Educational
Rauw Alejandro & Chencho Corleone - El Efecto (Video Oficial),Music Video
Titliaan | Harrdy Sandhu | Sargun Mehta | Afsana Khan | Jaani | Avvy Sra | Arvindr Khaira,Other
Eminem ft. Rihanna - The Monster (Explicit) [Official Video],Music Video
Jessie J - Price Tag ft. B.o.B,Music Video
"Mike WiLL Made-It - 23 (Explicit) ft. Miley Cyrus, Wiz Khalifa, Juicy J",Music Video
"Bole Chudiyan Full Video - K3G | Amitabh, Shah Rukh, Kajol, Kareena, Hrithik | Udit Narayan",Other
Trem da Alegria - Yasmin Verissimo - Música Gospel Infantil 2,Other
Adele - Send My Love (To Your New Lover),Ad/Promo
Dread Mar I - Así Fue (En Vivo),Ad/Promo
🛹You got this! #skateboarding #girlpower,Other
ののちゃん4さい こどもうた がリリースされました！#shorts,Short
Pew! Pew! Pew! 💦 Brinca com Brody! #shorts,Short
Ozuna - Te Vas (Video Oficial),Music Video
Aloo Kachaloo Beta Kahan Gaye The | Hindi Rhymes for Children | Infobells,Kids/Educational
Billie Eilish - when the party's over,Other
Rihanna - Only Girl (In The World),Other
The Weeknd - Blinding Lights (Official Video),Music Video
